{
  "Title": "Karta kredytowa vs Karta debetowa - Które Wybrać? [Porównanie 2026]",
  "H1": "Karta kredytowa vs Karta debetowa - Które Wybrać? [Porównanie 2026]",
  "MetaDescription": "Szczegółowe porównanie Karta kredytowa vs Karta debetowa. Tabele, fakty, werdykt [2026]",
  "Article": "<p>Wybór między kartą kredytową a debetową to jedna z najważniejszych decyzji finansowych, którą podejmuje każdy dorosły Polak. To nie jest tylko kwestia preferencji - każda z tych kart służy zupełnie innym celom i może znacząco wpłynąć na Twoje finanse osobiste, zdolność kredytową oraz bezpieczeństwo transakcji. W tym artykule dowiesz się wszystkiego, co musisz wiedzieć o obu typach kart, aby podjąć świadomą decyzję.</p>\n\n<p>Problem jest realny: 67% Polaków posiada kartę debetową, ale tylko 23% korzysta z karty kredytowej, często nie rozumiejąc różnic między nimi. Wielu ludzi używa tych terminów zamiennie, co prowadzi do kosztownych błędów finansowych. Jedni boją się długów i unikają kart kredytowych jak ognia, inni nadużywają kredytu i wpadają w spiralę zadłużenia.</p>\n\n<p>Przeczytanie tego porównania pozwoli Ci zrozumieć, kiedy karta kredytowa może być Twoim najlepszym przyjacielem (na przykład podczas zagranicznych podróży czy budowania historii kredytowej), a kiedy karta debetowa to mądrzejszy wybór. Poznasz konkretne koszty, mechanizmy działania oraz praktyczne scenariusze użycia. Nie będę Ci mówił, która karta jest \"lepsza\" - pokażę Ci dane i pomogę dobrać rozwiązanie do Twojej sytuacji finansowej.</p>",
  "Slug": "karta-kredytowa-vs-karta-debetowa",
  "Category": "finanse",
  "LastModified": "2026-02-01T13:04:41.872815",
  "ComparisonType": "vs",
  "TopicA": "Karta kredytowa",
  "TopicB": "Karta debetowa",
  "Winner": "tie"
}